--
-- PostgreSQL database dump
--

-- Dumped from database version 12.4
-- Dumped by pg_dump version 12.4

SET statement_timeout = 0;
SET lock_timeout = 0;
SET idle_in_transaction_session_timeout = 0;
SET client_encoding = 'UTF8';
SET standard_conforming_strings = on;
SELECT pg_catalog.set_config('search_path', '', false);
SET check_function_bodies = false;
SET xmloption = content;
SET client_min_messages = warning;
SET row_security = off;

--
-- Data for Name: appgroup; Type: TABLE DATA; Schema: system; Owner: postgres
--

SET SESSION AUTHORIZATION DEFAULT;

ALTER TABLE system.appgroup DISABLE TRIGGER ALL;

INSERT INTO system.appgroup (id, name, description) VALUES ('super-group-id', 'Super group', 'This is a group of users that has right in anything. It is used in developement. In production must be removed.');
INSERT INTO system.appgroup (id, name, description) VALUES ('claim-moderators', 'Claim moderators', 'Group for users who can moderate claims, submitted by community recorders');
INSERT INTO system.appgroup (id, name, description) VALUES ('claim-reviewers', 'Claim reviewers', 'Claim reviewers');
INSERT INTO system.appgroup (id, name, description) VALUES ('ff94bfad-7079-41ea-bf4b-6962e36cad1f', 'Test Classifications', NULL);
INSERT INTO system.appgroup (id, name, description) VALUES ('CommunityMembers', 'First Nation members', 'First Nation memebers, who can view claims');
INSERT INTO system.appgroup (id, name, description) VALUES ('CommunityRecorders', 'First Nation recorders', 'First Nation recorders, who can submit claims');
INSERT INTO system.appgroup (id, name, description) VALUES ('Investors', 'Investors', 'Investors group');


ALTER TABLE system.appgroup ENABLE TRIGGER ALL;

--
-- Data for Name: approle_appgroup; Type: TABLE DATA; Schema: system; Owner: postgres
--

ALTER TABLE system.approle_appgroup DISABLE TRIGGER ALL;

INSERT INTO system.approle_appgroup (approle_code, appgroup_id, rowidentifier, rowversion, change_action, change_user, change_time) VALUES ('ManageSettings', 'super-group-id', 'be3fc4cc-99dd-11e3-86a1-27716dc68756', 1, 'i', 'db:postgres', '2014-02-20 16:19:00.912');
INSERT INTO system.approle_appgroup (approle_code, appgroup_id, rowidentifier, rowversion, change_action, change_user, change_time) VALUES ('ManageSecurity', 'super-group-id', 'be3febdc-99dd-11e3-8812-fb80415cc5a5', 1, 'i', 'db:postgres', '2014-02-20 16:19:00.912');
INSERT INTO system.approle_appgroup (approle_code, appgroup_id, rowidentifier, rowversion, change_action, change_user, change_time) VALUES ('ChangePassword', 'super-group-id', 'be419996-99dd-11e3-8b35-77b8c207d13b', 1, 'i', 'db:postgres', '2014-02-20 16:19:00.912');
INSERT INTO system.approle_appgroup (approle_code, appgroup_id, rowidentifier, rowversion, change_action, change_user, change_time) VALUES ('ManageRefdata', 'super-group-id', 'be419996-99dd-11e3-8513-a728bd470770', 1, 'i', 'db:postgres', '2014-02-20 16:19:00.912');
INSERT INTO system.approle_appgroup (approle_code, appgroup_id, rowidentifier, rowversion, change_action, change_user, change_time) VALUES ('ModerateClaim', 'claim-moderators', '0c36e100-eb60-11e3-9533-178ebeef4b74', 1, 'i', 'db:postgres', '2014-06-04 02:45:50.554');
INSERT INTO system.approle_appgroup (approle_code, appgroup_id, rowidentifier, rowversion, change_action, change_user, change_time) VALUES ('RecordClaim', 'CommunityRecorders', '4670a0b0-1ba1-11e4-9bde-73a6b8c95aee', 1, 'i', 'db:postgres', '2014-08-04 12:33:40.723');
INSERT INTO system.approle_appgroup (approle_code, appgroup_id, rowidentifier, rowversion, change_action, change_user, change_time) VALUES ('RecordClaim', 'super-group-id', '467338ca-1ba1-11e4-841c-bba6c14ffbb3', 1, 'i', 'db:postgres', '2014-08-04 12:33:40.723');
INSERT INTO system.approle_appgroup (approle_code, appgroup_id, rowidentifier, rowversion, change_action, change_user, change_time) VALUES ('ReviewClaim', 'super-group-id', '467386ea-1ba1-11e4-bde7-0b769093a89f', 1, 'i', 'db:postgres', '2014-08-04 12:33:40.723');
INSERT INTO system.approle_appgroup (approle_code, appgroup_id, rowidentifier, rowversion, change_action, change_user, change_time) VALUES ('ReviewClaim', 'claim-reviewers', '4673adfa-1ba1-11e4-bc93-17aba8d6daed', 1, 'i', 'db:postgres', '2014-08-04 12:33:40.723');
INSERT INTO system.approle_appgroup (approle_code, appgroup_id, rowidentifier, rowversion, change_action, change_user, change_time) VALUES ('ChangeSecClass', 'super-group-id', 'c1421db4-be21-11e4-a9d3-1f0c398dde0f', 1, 'i', 'db:postgres', '2015-02-27 14:41:31.339');
INSERT INTO system.approle_appgroup (approle_code, appgroup_id, rowidentifier, rowversion, change_action, change_user, change_time) VALUES ('01SEC_Unrestricted', 'super-group-id', 'c14970d2-be21-11e4-ac7a-abbb20e52dce', 1, 'i', 'db:postgres', '2015-02-27 14:41:31.339');
INSERT INTO system.approle_appgroup (approle_code, appgroup_id, rowidentifier, rowversion, change_action, change_user, change_time) VALUES ('02SEC_Restricted', 'super-group-id', 'c14997e2-be21-11e4-9603-6f1b52b1eff8', 1, 'i', 'db:postgres', '2015-02-27 14:41:31.339');
INSERT INTO system.approle_appgroup (approle_code, appgroup_id, rowidentifier, rowversion, change_action, change_user, change_time) VALUES ('03SEC_Confidential', 'super-group-id', 'c149bef2-be21-11e4-8aef-7b03b0b3eec4', 1, 'i', 'db:postgres', '2015-02-27 14:41:31.339');
INSERT INTO system.approle_appgroup (approle_code, appgroup_id, rowidentifier, rowversion, change_action, change_user, change_time) VALUES ('04SEC_Secret', 'super-group-id', 'c149e602-be21-11e4-b8f0-b7c5ea351184', 1, 'i', 'db:postgres', '2015-02-27 14:41:31.339');
INSERT INTO system.approle_appgroup (approle_code, appgroup_id, rowidentifier, rowversion, change_action, change_user, change_time) VALUES ('05SEC_TopSecret', 'super-group-id', 'c149e602-be21-11e4-a2df-ab6b1ddc6997', 1, 'i', 'db:postgres', '2015-02-27 14:41:31.339');
INSERT INTO system.approle_appgroup (approle_code, appgroup_id, rowidentifier, rowversion, change_action, change_user, change_time) VALUES ('10SEC_SuppressOrd', 'super-group-id', 'c14a0d12-be21-11e4-9235-d751064ef956', 1, 'i', 'db:postgres', '2015-02-27 14:41:31.339');
INSERT INTO system.approle_appgroup (approle_code, appgroup_id, rowidentifier, rowversion, change_action, change_user, change_time) VALUES ('ChangePassword', 'ff94bfad-7079-41ea-bf4b-6962e36cad1f', '94575082-ec4d-4d5f-8472-8bfc3d424d41', 1, 'i', 'test', '2015-02-27 15:31:06.736');
INSERT INTO system.approle_appgroup (approle_code, appgroup_id, rowidentifier, rowversion, change_action, change_user, change_time) VALUES ('ManageRefdata', 'ff94bfad-7079-41ea-bf4b-6962e36cad1f', '07e9f98a-8354-4fd5-ac67-f74908852e2d', 1, 'i', 'test', '2015-02-27 15:31:06.736');
INSERT INTO system.approle_appgroup (approle_code, appgroup_id, rowidentifier, rowversion, change_action, change_user, change_time) VALUES ('ManageSettings', 'ff94bfad-7079-41ea-bf4b-6962e36cad1f', '8250f0be-5b53-415c-a99d-396c41956e59', 1, 'i', 'test', '2015-02-27 15:31:06.736');
INSERT INTO system.approle_appgroup (approle_code, appgroup_id, rowidentifier, rowversion, change_action, change_user, change_time) VALUES ('ManageSecurity', 'ff94bfad-7079-41ea-bf4b-6962e36cad1f', '3eb8dd0d-a751-4054-9a63-f3e48cf2a29d', 1, 'i', 'test', '2015-02-27 15:31:06.736');
INSERT INTO system.approle_appgroup (approle_code, appgroup_id, rowidentifier, rowversion, change_action, change_user, change_time) VALUES ('ModerateClaim', 'ff94bfad-7079-41ea-bf4b-6962e36cad1f', 'b715f0d0-ec4d-4d24-a296-3f4fe68b7a87', 1, 'i', 'test', '2015-02-27 15:31:06.736');
INSERT INTO system.approle_appgroup (approle_code, appgroup_id, rowidentifier, rowversion, change_action, change_user, change_time) VALUES ('RecordClaim', 'ff94bfad-7079-41ea-bf4b-6962e36cad1f', '722feb45-3b55-4c78-bc3a-f9640448d827', 1, 'i', 'test', '2015-02-27 15:31:06.736');
INSERT INTO system.approle_appgroup (approle_code, appgroup_id, rowidentifier, rowversion, change_action, change_user, change_time) VALUES ('ReviewClaim', 'ff94bfad-7079-41ea-bf4b-6962e36cad1f', 'cf00122b-38a9-4681-ab2b-1492cd47e653', 1, 'i', 'test', '2015-02-27 15:31:06.736');
INSERT INTO system.approle_appgroup (approle_code, appgroup_id, rowidentifier, rowversion, change_action, change_user, change_time) VALUES ('ChangeSecClass', 'ff94bfad-7079-41ea-bf4b-6962e36cad1f', '387c38eb-7ff7-49f6-98f7-126b3b0d32ee', 1, 'i', 'test', '2015-02-27 15:31:06.736');
INSERT INTO system.approle_appgroup (approle_code, appgroup_id, rowidentifier, rowversion, change_action, change_user, change_time) VALUES ('01SEC_Unrestricted', 'ff94bfad-7079-41ea-bf4b-6962e36cad1f', 'a91afd78-3921-4993-a256-f7b2482c081b', 1, 'i', 'test', '2015-02-27 15:31:06.736');
INSERT INTO system.approle_appgroup (approle_code, appgroup_id, rowidentifier, rowversion, change_action, change_user, change_time) VALUES ('02SEC_Restricted', 'ff94bfad-7079-41ea-bf4b-6962e36cad1f', '1bfe00f6-6b0e-42d2-9c12-a779593a8f24', 1, 'i', 'test', '2015-02-27 15:31:06.736');
INSERT INTO system.approle_appgroup (approle_code, appgroup_id, rowidentifier, rowversion, change_action, change_user, change_time) VALUES ('ViewReports', 'super-group-id', '2c4da65a-43f6-11e5-9c67-9f326dbd1cf8', 1, 'i', 'db:postgres', '2015-08-16 15:07:08.677');
INSERT INTO system.approle_appgroup (approle_code, appgroup_id, rowidentifier, rowversion, change_action, change_user, change_time) VALUES ('IssueCertificate', 'claim-reviewers', 'f3f6e113-0b1c-420e-9666-fe6ea80d4ec5', 1, 'i', 'neil', '2020-10-01 06:34:07.550374');
INSERT INTO system.approle_appgroup (approle_code, appgroup_id, rowidentifier, rowversion, change_action, change_user, change_time) VALUES ('ModerateClaim', 'claim-reviewers', 'e396a67f-104a-453e-8db9-83d930e74635', 1, 'i', 'neil', '2020-10-01 06:34:07.550374');
INSERT INTO system.approle_appgroup (approle_code, appgroup_id, rowidentifier, rowversion, change_action, change_user, change_time) VALUES ('RecordClaim', 'claim-reviewers', '0802e97c-631a-4220-8aff-2de794ee5408', 1, 'i', 'neil', '2020-10-01 06:34:07.550374');
INSERT INTO system.approle_appgroup (approle_code, appgroup_id, rowidentifier, rowversion, change_action, change_user, change_time) VALUES ('CancelCertificate', 'claim-reviewers', '205ba388-4054-45ef-be28-7bf81133036d', 1, 'i', 'neil', '2020-10-01 09:29:28.285254');
INSERT INTO system.approle_appgroup (approle_code, appgroup_id, rowidentifier, rowversion, change_action, change_user, change_time) VALUES ('AccessCS', 'CommunityRecorders', 'ea10c034-b845-11e3-b045-db6f34a547f8', 4, 'u', 'db:postgres', '2023-05-16 12:59:13.796145');
INSERT INTO system.approle_appgroup (approle_code, appgroup_id, rowidentifier, rowversion, change_action, change_user, change_time) VALUES ('AccessCS', 'super-group-id', '65dfc8ea-cc69-11e3-999c-53ccd0502f3a', 4, 'u', 'db:postgres', '2023-05-16 12:59:13.796145');
INSERT INTO system.approle_appgroup (approle_code, appgroup_id, rowidentifier, rowversion, change_action, change_user, change_time) VALUES ('AccessCS', 'claim-moderators', '0c45d552-eb60-11e3-809a-d76734fbffdd', 4, 'u', 'db:postgres', '2023-05-16 12:59:13.796145');
INSERT INTO system.approle_appgroup (approle_code, appgroup_id, rowidentifier, rowversion, change_action, change_user, change_time) VALUES ('AccessCS', 'claim-reviewers', '4673d50a-1ba1-11e4-a1f9-ef941a7b9d3f', 4, 'u', 'db:postgres', '2023-05-16 12:59:13.796145');
INSERT INTO system.approle_appgroup (approle_code, appgroup_id, rowidentifier, rowversion, change_action, change_user, change_time) VALUES ('AccessCS', 'CommunityMembers', 'ac3503a8-bb9e-11e4-b25d-777354e14c1e', 4, 'u', 'db:postgres', '2023-05-16 12:59:13.796145');
INSERT INTO system.approle_appgroup (approle_code, appgroup_id, rowidentifier, rowversion, change_action, change_user, change_time) VALUES ('AccessCS', 'ff94bfad-7079-41ea-bf4b-6962e36cad1f', '95f8f6b3-d4f2-45c4-9888-88d0b62bca19', 4, 'u', 'test', '2023-05-16 12:59:13.796145');
INSERT INTO system.approle_appgroup (approle_code, appgroup_id, rowidentifier, rowversion, change_action, change_user, change_time) VALUES ('Investor', 'Investors', '25e85d6c-f3bd-11ed-8334-a335815854d5', 1, 'i', 'db:postgres', '2023-05-16 13:42:02.855591');


ALTER TABLE system.approle_appgroup ENABLE TRIGGER ALL;

--
-- Data for Name: appuser; Type: TABLE DATA; Schema: system; Owner: postgres
--

ALTER TABLE system.appuser DISABLE TRIGGER ALL;

INSERT INTO system.appuser (id, username, first_name, last_name, email, mobile_number, activation_code, passwd, active, description, rowidentifier, rowversion, change_action, change_user, change_time, activation_expiration, admin_boundary_id) VALUES ('b015c63f-690e-49d3-b324-dc8ef2b6c089', 'Ashybuba', 'Wandihnu', 'Wymarra ', 'ashleianne_wymarra@hotmail.com', '0449074978', NULL, '330c1dfce9f7920576cba0c387e9ae740e2c037152ae6c6529d82f9036909a28', true, 'Gudang/Yadhaykenu ', '96640630-d958-43eb-9652-f5a5f055187a', 3, 'u', 'ANONYMOUS', '2020-11-22 12:37:02.673356', NULL, NULL);
INSERT INTO system.appuser (id, username, first_name, last_name, email, mobile_number, activation_code, passwd, active, description, rowidentifier, rowversion, change_action, change_user, change_time, activation_expiration, admin_boundary_id) VALUES ('5103e7cc-21bd-4c43-bdd1-7247d2db28da', 'GallarinbaraayTGC', 'Paul', 'Peters', 'collygamilaraay@outlook.com.au', '0476150690', NULL, '892328b034dc38f57df289f7a7c4369be4bd16bff028402ce80df40d9ea790b5', true, 'Gallarinbaraay', '3b799ed4-a5b9-442a-b46e-cefd347908b9', 3, 'u', 'ANONYMOUS', '2020-11-20 21:31:37.626335', NULL, NULL);
INSERT INTO system.appuser (id, username, first_name, last_name, email, mobile_number, activation_code, passwd, active, description, rowidentifier, rowversion, change_action, change_user, change_time, activation_expiration, admin_boundary_id) VALUES ('954ebdec-5812-41b5-a19b-df9f1aa33d5f', 'Goesla', 'Elizabeth', 'Wymarra', 'ElizabethWymarra@treaty-council.com', '0452499505', NULL, '745fb066459279b73d66ef8b778da5c28b3a047813b59a5855fc818967537d5f', true, 'Gudang Yadhaykenu', 'e5e6bda3-2911-4802-99a2-3d7ba05306ff', 3, 'u', 'ANONYMOUS', '2020-11-20 21:31:37.626335', NULL, NULL);
INSERT INTO system.appuser (id, username, first_name, last_name, email, mobile_number, activation_code, passwd, active, description, rowidentifier, rowversion, change_action, change_user, change_time, activation_expiration, admin_boundary_id) VALUES ('f3ef10f5-2896-425f-a7fa-68b69aa74100', 'neil', 'Neil', 'Pullar', 'npullar@landequity.com.au', '021529825', NULL, '9f86d081884c7d659a2feaa0c55ad015a3bf4f1b2b0b822cd15d6c15b0f00a08', true, 'System Setup', '232248d7-8deb-44ef-a186-41f043ce178c', 10, 'u', 'test', '2020-11-20 21:36:33.712268', NULL, NULL);
INSERT INTO system.appuser (id, username, first_name, last_name, email, mobile_number, activation_code, passwd, active, description, rowidentifier, rowversion, change_action, change_user, change_time, activation_expiration, admin_boundary_id) VALUES ('2374b34d-b1ee-46a1-9e98-525b027076e6', 'cameron', 'Cameron', 'Rickersey', NULL, NULL, NULL, '3887365dfc60ca42be7d4f27dd6402006aadc10146c94e70b18f344f57ad43ef', true, 'LEI Web Designer', '97a44070-9b6f-485c-812a-38d6ceb7a795', 5, 'u', 'neil', '2020-12-10 07:54:04.033025', NULL, NULL);
INSERT INTO system.appuser (id, username, first_name, last_name, email, mobile_number, activation_code, passwd, active, description, rowidentifier, rowversion, change_action, change_user, change_time, activation_expiration, admin_boundary_id) VALUES ('29c584d9-023a-4937-8cee-1517f45ba02c', 'cbuck', 'Chris', 'Buck', 'cjtttpicttt@gmail.com', '0491701080', NULL, 'd68637ae64863a20559f556841805f3489d99ab4f08be427ab72c94aaf73d9af', true, 'Dunghutti', '39efaab0-71cc-421e-ab32-57ad425cd54b', 3, 'u', 'ajbuck', '2021-02-12 19:11:21.347597', NULL, NULL);
INSERT INTO system.appuser (id, username, first_name, last_name, email, mobile_number, activation_code, passwd, active, description, rowidentifier, rowversion, change_action, change_user, change_time, activation_expiration, admin_boundary_id) VALUES ('1b6d46c7-e771-4997-98a6-152311ae7763', 'thompsonn', 'Nicholas', 'Thompson ', 'nicky.tomos74@gmail.com', '0475267552', NULL, '9c3154012c48302fe3008246d9191d5a8919d9725173c202892a13cbf7132672', true, 'Gudang Yadhaykenu', 'ee5dea7d-d4a9-40a3-a15c-b6ee33d6277f', 4, 'u', 'thompsonn', '2021-03-14 11:43:02.225717', NULL, NULL);
INSERT INTO system.appuser (id, username, first_name, last_name, email, mobile_number, activation_code, passwd, active, description, rowidentifier, rowversion, change_action, change_user, change_time, activation_expiration, admin_boundary_id) VALUES ('1cc7c618-1ea1-40b2-b7c4-be427eb308d3', 'Saddo', 'Sarah', 'Addo', 'allblackscairns@gmail.com', '0416940623', NULL, 'd6bd45a862e5050b04b8cc6d19a8de9b01aae8eca71a864448a13f4fd20c4f24', true, 'Kunggandji Kimuy', 'a3c5359d-b02b-448a-a71f-b52c7d0b531b', 7, 'u', 'neil', '2021-04-28 17:57:16.865713', NULL, NULL);
INSERT INTO system.appuser (id, username, first_name, last_name, email, mobile_number, activation_code, passwd, active, description, rowidentifier, rowversion, change_action, change_user, change_time, activation_expiration, admin_boundary_id) VALUES ('91d6f3df-ae04-4b01-920f-435c4e1e4a7d', 'ajtest', 'Allen', 'Buck', 'kmcrita@live.com', '0411470001', NULL, '10e15b5d1aca95383af0b5db83cd3190af90ecc5210e9e79ca1560c3b3f76fb5', true, 'TEST', '5ad17f43-e9ba-4717-8eec-3621189567e8', 3, 'u', 'ajbuck', '2021-04-12 16:31:32.007124', NULL, NULL);
INSERT INTO system.appuser (id, username, first_name, last_name, email, mobile_number, activation_code, passwd, active, description, rowidentifier, rowversion, change_action, change_user, change_time, activation_expiration, admin_boundary_id) VALUES ('c1230566-7d94-4f57-a8ce-96119cdb77f3', 'WTGC', 'Darryl', 'Trindle', 'waanyitribalgoverningcouncil@gmail.com', '0447303817', NULL, '387504e23b2ad47673225ea77a23ef7387221a2f7112e6bb2183b55cad4fbca9', true, 'Waanyi', '5615c0a7-4903-44ef-99d4-7c2ed9072c53', 4, 'u', 'ajbuck', '2021-04-13 10:08:32.524029', NULL, NULL);
INSERT INTO system.appuser (id, username, first_name, last_name, email, mobile_number, activation_code, passwd, active, description, rowidentifier, rowversion, change_action, change_user, change_time, activation_expiration, admin_boundary_id) VALUES ('fa3d05dc-685e-4734-ab93-cc2a7d52f694', 'Kalawatawarra', 'Trish', 'Levett', 'kalawatawarra@hotmail.com', '0414755672', NULL, 'cb1e022a1b4e1271f33f4d048f7b2dda97ce5cc2ec0e25007d9cc35ebe2c4159', true, 'Gundungurra country NSW ', '58c927aa-f9c1-439b-ac19-36b4bb34edb2', 3, 'u', 'ajbuck', '2021-05-15 00:01:37.67382', NULL, NULL);
INSERT INTO system.appuser (id, username, first_name, last_name, email, mobile_number, activation_code, passwd, active, description, rowidentifier, rowversion, change_action, change_user, change_time, activation_expiration, admin_boundary_id) VALUES ('bbd55c23-279b-4813-bc59-5d0cb5045ba2', 'ajbuck', 'AJ', 'Buck', 'treatycouncil@secretary.net', NULL, NULL, '10e15b5d1aca95383af0b5db83cd3190af90ecc5210e9e79ca1560c3b3f76fb5', true, 'Treaty Council', '75b3dd7e-a49b-45d5-bd1c-16bc9f228edc', 6, 'u', 'ajbuck', '2021-06-10 22:55:27.344841', NULL, NULL);
INSERT INTO system.appuser (id, username, first_name, last_name, email, mobile_number, activation_code, passwd, active, description, rowidentifier, rowversion, change_action, change_user, change_time, activation_expiration, admin_boundary_id) VALUES ('a7bd4d31-7511-4123-9dd8-d6167ec9238b', 'lei', 'Land Equity', 'International', 'tburns@lei.com.au', '090909090', NULL, '485530a2dca587eeb6cb1df7e2fb623be24db4ad59a4875e2be6d92df21ba822', true, 'LEI', '1f7f7813-4495-4d14-b182-d30724503053', 10, 'u', 'neil', '2021-06-24 15:10:03.773269', NULL, NULL);
INSERT INTO system.appuser (id, username, first_name, last_name, email, mobile_number, activation_code, passwd, active, description, rowidentifier, rowversion, change_action, change_user, change_time, activation_expiration, admin_boundary_id) VALUES ('f824fc7e-047b-4638-8f35-b359b322a506', 'Thaluun', 'Jessica', 'Hart', 'jessica.mckechnie-hart@outlook.com', '0416491990', NULL, '635de09ec2dc5f2422abe91f7589d37e0c609113e18a806bcbaef6843d3f2882', true, 'JCU', '844f0ebf-b7e2-4a4a-9312-6de5eda95d1f', 4, 'u', 'ajbuck', '2021-08-30 06:38:00.882565', NULL, NULL);
INSERT INTO system.appuser (id, username, first_name, last_name, email, mobile_number, activation_code, passwd, active, description, rowidentifier, rowversion, change_action, change_user, change_time, activation_expiration, admin_boundary_id) VALUES ('6464987c-d31b-4e48-bbae-2e036472bb3f', 'PNGKUMUL', 'Albert', 'Karo', 'albertkaro33@gmail.com', '0478812454', NULL, '9d8340a506cbe2c6376c32d98c47946ab69d4fdfebe3b36f7ef78d69c52170ea', true, 'PNG', '078abe35-aa4a-48e7-954b-b1f576508e6f', 3, 'u', 'ajbuck', '2021-08-08 09:27:43.751831', NULL, NULL);
INSERT INTO system.appuser (id, username, first_name, last_name, email, mobile_number, activation_code, passwd, active, description, rowidentifier, rowversion, change_action, change_user, change_time, activation_expiration, admin_boundary_id) VALUES ('28674764-ba8e-4292-a6dd-71c68ed79d56', 'George ', 'Jaja', 'Jaja', 'gjaja@y7mail.com', '0414103288', NULL, '30ccf6453e67998dad710a3dc4a9c0945408e109e4f53379ee7e1af9cead71e3', true, 'Redfern', '5a814548-7166-4171-bf24-1acfdb5e8a85', 4, 'u', 'ajbuck', '2021-11-14 09:55:49.69756', NULL, NULL);
INSERT INTO system.appuser (id, username, first_name, last_name, email, mobile_number, activation_code, passwd, active, description, rowidentifier, rowversion, change_action, change_user, change_time, activation_expiration, admin_boundary_id) VALUES ('0b452c7c-2458-4b5b-ae6d-1baea9bf4557', 'Jamie', 'Jamie', 'Gray', 'jamiegray66@gmail.com', '0468608210', NULL, 'e1a111f455b73b0385dd70736740f52827073aa1d0f946c11d6c9a0c43f3cda3', true, 'Wiradjuri', 'bf477394-d7cd-49bc-ad22-4d1615fc641a', 4, 'u', 'ajbuck', '2021-11-14 09:59:23.784425', NULL, NULL);
INSERT INTO system.appuser (id, username, first_name, last_name, email, mobile_number, activation_code, passwd, active, description, rowidentifier, rowversion, change_action, change_user, change_time, activation_expiration, admin_boundary_id) VALUES ('f3d81455-5b7e-4237-b3c2-87a0822676bc', 'pacway', 'Naiming', 'Li', 'jli@pacway.com.au', '+61449998868', '97fc4985-d324-4305-a0c5-34704f07e77a', '4135aa9dc1b842a653dea846903ddb95bfb8c5a10c504a7fa16e10bc31d1fdf0', true, 'Pacway', '85a1e623-e2b9-40b4-afcb-640c9746a19f', 9, 'u', 'ajbuck', '2022-12-06 10:37:57.919542', NULL, NULL);
INSERT INTO system.appuser (id, username, first_name, last_name, email, mobile_number, activation_code, passwd, active, description, rowidentifier, rowversion, change_action, change_user, change_time, activation_expiration, admin_boundary_id) VALUES ('a17c5724-ebeb-4dd9-a1e3-8a764571e154', 'Docdestiny', 'Peter', 'Ellis', 'peterellis@ysp.com.au', '421089996', NULL, '34ae0f8e9405901f97d57832a0cafaad4259545fb68596031f5bafed248e0dee', true, 'Your Silent Partner', '71cb5e7f-9d71-4eb3-81ed-6e73c6ffab80', 3, 'u', 'ajbuck', '2022-12-06 11:00:28.973392', NULL, NULL);
INSERT INTO system.appuser (id, username, first_name, last_name, email, mobile_number, activation_code, passwd, active, description, rowidentifier, rowversion, change_action, change_user, change_time, activation_expiration, admin_boundary_id) VALUES ('55be6df5-da4d-413b-85a3-62282adf2363', 'Izyg92', 'Israel', 'Sales', 'izyg9219@outlook.com', '0497356020', NULL, '66ce717a838f487a6a3ebe8b54883edf90a95de2cde7003630d8d58da35ab5b9', false, 'Lamalama', '4ebb04e8-cdfc-4d21-843d-b56978cc44f3', 2, 'u', 'ANONYMOUS', '2022-04-15 22:31:41.203119', NULL, NULL);
INSERT INTO system.appuser (id, username, first_name, last_name, email, mobile_number, activation_code, passwd, active, description, rowidentifier, rowversion, change_action, change_user, change_time, activation_expiration, admin_boundary_id) VALUES ('4465fc52-4bed-44be-bdb1-5fba721e6496', 'JockeyJohn', 'John', 'Tabuai', 'jtabuai_24@hotmail.com', '0477260913', NULL, '7302e6a869ed8f1dbb5b9b9bcc335d0d47dcca7676535cf5954ab606e7fea507', true, 'Bamaga Community', '8ca2df49-2320-48f0-b231-278b0c70ea51', 3, 'u', 'ajbuck', '2021-11-14 09:37:51.932585', NULL, NULL);
INSERT INTO system.appuser (id, username, first_name, last_name, email, mobile_number, activation_code, passwd, active, description, rowidentifier, rowversion, change_action, change_user, change_time, activation_expiration, admin_boundary_id) VALUES ('fcad4d3d-af42-45ab-b717-13f01aa7cdf8', 'Lee', 'Lee', 'Borradale', 'lee.borradale@gmail.com', '0417020376', NULL, '062c1c62f5404edf03a086729db5b941a7d767035ad1651655fbb3e43e8c9d22', true, 'Gundungurra Country NSW', 'df2c7832-c566-4361-9506-ccf2d808b429', 3, 'u', 'ajbuck', '2021-11-28 08:11:10.873502', NULL, NULL);
INSERT INTO system.appuser (id, username, first_name, last_name, email, mobile_number, activation_code, passwd, active, description, rowidentifier, rowversion, change_action, change_user, change_time, activation_expiration, admin_boundary_id) VALUES ('6ab7fc88-d36a-47f0-83c1-9c17c1450e09', 'Behrnesa', 'April', 'Behrnes', 'Behrnesa@gmail.com', '2252237917', NULL, 'd4c5a32e9db5b02522f8ccbeb637bb257f7ddab4cc200e75119fcc907ddad15f', false, NULL, 'ca061719-aa08-43a9-adb9-33016e8b0b65', 2, 'u', 'ANONYMOUS', '2023-05-05 02:22:04.699048', NULL, NULL);
INSERT INTO system.appuser (id, username, first_name, last_name, email, mobile_number, activation_code, passwd, active, description, rowidentifier, rowversion, change_action, change_user, change_time, activation_expiration, admin_boundary_id) VALUES ('4a82ad37-27bd-42fc-ad91-e31ec57ba8df', 'Albert', 'Albert', 'Villasevil', 'albert@evohorse.com', '686548822', NULL, 'b414daf8a823dffc34bf231b9c926d57518548dd44e3fb48cc15e2039aaa7df3', true, 'Spanish Vet', '793db430-199e-4311-8410-444093e20adf', 3, 'u', 'ajbuck', '2021-12-06 07:57:09.728469', NULL, NULL);
INSERT INTO system.appuser (id, username, first_name, last_name, email, mobile_number, activation_code, passwd, active, description, rowidentifier, rowversion, change_action, change_user, change_time, activation_expiration, admin_boundary_id) VALUES ('b0fe0ad1-9be1-4c17-b014-83ccb800eda4', 'nicbro', 'Nick', 'Brook', 'nmabrook@gmail.com', '+61401215949', NULL, '9d5968c0b65de0c541cc18668906545ba876f35679a77b89b3d0dd56cd4ff60f', true, 'Treaty Council', '068d15c0-e1b5-465b-9caf-95a09a90871c', 4, 'u', 'ajbuck', '2022-07-08 18:38:01.833011', NULL, NULL);
INSERT INTO system.appuser (id, username, first_name, last_name, email, mobile_number, activation_code, passwd, active, description, rowidentifier, rowversion, change_action, change_user, change_time, activation_expiration, admin_boundary_id) VALUES ('8f064900-71e9-4626-9eab-f64ec5c1c563', 'dimuna', 'Dimuna', 'Phiri', 'dphiri@landequity.com.au', NULL, NULL, '5a8f83ee3edf2a8353e55ffc121e272c228622a096504cb3511955104edb7fa4', true, 'Land Equity International', 'a1f6e2a0-738a-45c0-9bb0-1f81714398a6', 3, 'u', 'neil', '2021-12-07 08:41:55.951405', NULL, NULL);
INSERT INTO system.appuser (id, username, first_name, last_name, email, mobile_number, activation_code, passwd, active, description, rowidentifier, rowversion, change_action, change_user, change_time, activation_expiration, admin_boundary_id) VALUES ('cd6eef05-e115-4905-b705-7b9dbab40c24', 'behrnesa', 'april', 'behrnes', 'behrnesa@gmail.com', '225-223-7917', NULL, 'ea244bd1b2f328c85253542433f7511bda97f77c8f5164df4e1b321cd49a4946', false, NULL, '2e68e823-56f7-4ca5-b600-83fff2995e7c', 2, 'u', 'ANONYMOUS', '2022-01-08 05:27:59.64714', NULL, NULL);
INSERT INTO system.appuser (id, username, first_name, last_name, email, mobile_number, activation_code, passwd, active, description, rowidentifier, rowversion, change_action, change_user, change_time, activation_expiration, admin_boundary_id) VALUES ('73b11ac0-f760-4fb4-9698-809e2f848919', 'Kezza', 'Kerry', 'Barnes', 'kerryebarnes@gmail.com', '0491470011', NULL, 'cf40edda9fdbd8b1b078d26c54ce17b1e7385950ce80663cd6118f400ad516ab', true, NULL, 'f39caf4a-ace0-4b4f-9ca1-7ff8a7916190', 3, 'u', 'ajbuck', '2023-05-08 00:00:01.82737', NULL, NULL);
INSERT INTO system.appuser (id, username, first_name, last_name, email, mobile_number, activation_code, passwd, active, description, rowidentifier, rowversion, change_action, change_user, change_time, activation_expiration, admin_boundary_id) VALUES ('dacee232-84f7-49c4-be73-9b204a933e15', 'Runnymede Trust', 'Ron', 'Wijnhoven', 'justiceandhonour@protonmail.com', '0414889808', NULL, '13c724343309de4e27fdf214c867d6861198e8570f7eb3dcc583dd9cfd4c4f5e', true, 'Justice & Honour', 'f8dd8967-1d0c-4764-8f77-26d025a7ecbe', 4, 'u', 'ajbuck', '2022-02-03 15:15:21.344173', NULL, NULL);
INSERT INTO system.appuser (id, username, first_name, last_name, email, mobile_number, activation_code, passwd, active, description, rowidentifier, rowversion, change_action, change_user, change_time, activation_expiration, admin_boundary_id) VALUES ('a39e5415-f27e-4a18-8084-0dc834c8c242', 'GH123', 'Grant', 'Hill', 'grant@alkeme.com.au', '0419107317', NULL, '939e370d65c8522d86f6936c337b5448cd0be5e926c752b56b23806f68c8f9ec', true, 'Treaty Council', 'a40d82eb-0d79-4be0-8d6c-3090157d7500', 3, 'u', 'ajbuck', '2022-02-09 08:44:38.5814', NULL, NULL);
INSERT INTO system.appuser (id, username, first_name, last_name, email, mobile_number, activation_code, passwd, active, description, rowidentifier, rowversion, change_action, change_user, change_time, activation_expiration, admin_boundary_id) VALUES ('b50eb668-412a-4cd9-aa67-8912916ff113', 'jmchristian', 'Jayne', 'Christian', 'jmchristian87@gmail.com', '0408630350', NULL, '68c4673270e2584a98251cea967abc173f7c1fd71d8576bf2ee5476524e7fdea', true, 'Darug Nation', '14658e4b-cd86-4a1d-ba48-276e7dd11dff', 3, 'u', 'ajbuck', '2022-10-15 16:34:13.711372', NULL, NULL);
INSERT INTO system.appuser (id, username, first_name, last_name, email, mobile_number, activation_code, passwd, active, description, rowidentifier, rowversion, change_action, change_user, change_time, activation_expiration, admin_boundary_id) VALUES ('fbcdc57e-742c-40fd-9bba-23462569d381', 'KJarrett', 'Kelvin', 'Jarrett', 'kelvinjarrett87@gmail.com', '0423275442', NULL, 'd38280646f3d3ee374ee9118c146c770ef8cdb802897b86e39051cca3989970a', true, 'Dunghutti/Gumbaynggirr', '3db12e14-f4ad-43a0-a81d-3289f9b3324c', 3, 'u', 'ajbuck', '2022-07-26 08:35:08.384238', NULL, NULL);
INSERT INTO system.appuser (id, username, first_name, last_name, email, mobile_number, activation_code, passwd, active, description, rowidentifier, rowversion, change_action, change_user, change_time, activation_expiration, admin_boundary_id) VALUES ('af3cef81-ca62-4ca6-82e0-df3c498d1b61', 'pdavis', 'Paul', 'Davis', 'Paul.davo.davis71@outlook.com', '0403668023', NULL, '4e912258caf3dcc58a99904d344388b8dc22160c0915b82b4bea4b23f9a160df', true, 'Dunghutti/Gumbaynggirr', 'ae9eb8f4-6ec8-4bc0-947f-4661daed8792', 4, 'u', 'ajbuck', '2022-07-26 08:43:35.135048', NULL, NULL);
INSERT INTO system.appuser (id, username, first_name, last_name, email, mobile_number, activation_code, passwd, active, description, rowidentifier, rowversion, change_action, change_user, change_time, activation_expiration, admin_boundary_id) VALUES ('43a13df9-beb1-401c-9107-1903c7083a72', 'calool', 'michael', 'byrnes', 'mick@gmail.com', '0423480740 ', NULL, 'e4939e13fb46c277e1a358191539cbe7b20cf1b7ce959671623613c42bd175b8', false, 'darkinjung', '59dbd14c-8948-4f43-9f21-9764bdff3883', 2, 'u', 'ANONYMOUS', '2022-09-07 13:13:08.273671', NULL, NULL);
INSERT INTO system.appuser (id, username, first_name, last_name, email, mobile_number, activation_code, passwd, active, description, rowidentifier, rowversion, change_action, change_user, change_time, activation_expiration, admin_boundary_id) VALUES ('e1f76128-da68-4742-93ab-349b6098f14b', 'martinam', 'martina', 'mcpeace', 'martinamcp@startmail.com', '0407871165', NULL, '5ad65fb36d6d0bcbb80765db1c093ee6abca218667d889c4995436ef682de8fc', true, NULL, 'e73083a7-e1e2-4478-adac-d30106115a13', 3, 'u', 'ajbuck', '2022-10-23 08:56:25.918562', NULL, NULL);
INSERT INTO system.appuser (id, username, first_name, last_name, email, mobile_number, activation_code, passwd, active, description, rowidentifier, rowversion, change_action, change_user, change_time, activation_expiration, admin_boundary_id) VALUES ('b4975beb-5e9b-43fb-8f62-a4bf05d97131', 'Rory Read', 'Rory ', 'Read', 'rory.read@btinternet.com', '0413533310', NULL, 'fed24b03c14b8419aa86e7a8da197952bb47d8a14c9415bd65dc06b9e730b535', true, 'Ex LEI', '5f7bffba-f89e-4dcf-8171-86630975e45f', 4, 'u', 'ajbuck', '2022-12-06 10:39:05.061318', NULL, NULL);
INSERT INTO system.appuser (id, username, first_name, last_name, email, mobile_number, activation_code, passwd, active, description, rowidentifier, rowversion, change_action, change_user, change_time, activation_expiration, admin_boundary_id) VALUES ('f31f814f-942a-4263-a86b-d4b686fdd72a', 'vespabob', 'Bob', 'Mortimer', 'vespabob@gmail.com', '0299719665', '9a5405ad-8cf9-4023-a4aa-f4ff9f489f69', 'db7263147ba543a288bf52c29a44d4d53dc1563f706dad02e7b544477c2d4298', true, 'Web Designer', '7e3adeef-c10a-4769-9739-262ab5711215', 5, 'u', 'ANONYMOUS', '2023-05-06 08:23:11.800668', NULL, NULL);
INSERT INTO system.appuser (id, username, first_name, last_name, email, mobile_number, activation_code, passwd, active, description, rowidentifier, rowversion, change_action, change_user, change_time, activation_expiration, admin_boundary_id) VALUES ('b9b37ca9-9b98-42c1-a70c-7c66b183070c', 'Russ66', 'Russell', 'Brown', 'russbrown66@gmail.com', '0437399198', NULL, '0eeb56ab09c2106a3c38a7f8f8ddafa60a3fdcc693091319eb82071dbaa952e1', false, NULL, 'cf022974-a3f0-4fd3-bbaf-e6026582f716', 2, 'u', 'ANONYMOUS', '2023-04-26 08:49:03.503082', NULL, NULL);
INSERT INTO system.appuser (id, username, first_name, last_name, email, mobile_number, activation_code, passwd, active, description, rowidentifier, rowversion, change_action, change_user, change_time, activation_expiration, admin_boundary_id) VALUES ('1e0f89a1-46c5-4284-a16d-c4e0a91dac5b', 'Natalie Fries', 'Natalie ', 'Fries', 'natalie_chips@yahoo.com.au', '0484627052', NULL, 'e07fa808a6a6d978787d23cbc8437d7a245394f816472bc3130c4b3380327e18', true, 'GHD', '6e9153a5-60f6-4173-bacf-4152e7fe2c2b', 4, 'u', 'ajbuck', '2023-05-04 07:13:50.267437', NULL, NULL);
INSERT INTO system.appuser (id, username, first_name, last_name, email, mobile_number, activation_code, passwd, active, description, rowidentifier, rowversion, change_action, change_user, change_time, activation_expiration, admin_boundary_id) VALUES ('61b96b90-d390-45ae-96d4-617093d13971', 'Lyn', 'Lyn', 'Adams', 'lyn_adams@raywhite.com', '0409894228', NULL, '1cc6b1a6f8f8ffa0137246aa4ab8dbe52e3fd078f34d1fece09a327193cf79f9', false, 'Ray White Real Estate', 'ec2775c4-8ed0-4f47-b691-48ef357f8fac', 3, 'u', 'ajbuck', '2023-05-04 08:13:30.999678', NULL, NULL);
INSERT INTO system.appuser (id, username, first_name, last_name, email, mobile_number, activation_code, passwd, active, description, rowidentifier, rowversion, change_action, change_user, change_time, activation_expiration, admin_boundary_id) VALUES ('7b5f8ab4-cb93-43fd-9a57-c749d88db909', 'investor', 'investor', 'test', 'npullar@gmail.com', '021529825', NULL, 'cf80cd8aed482d5d1527d7dc72fceff84e6326592848447d2dc0b0e87dfc9a90', true, NULL, '936d8832-2d05-4570-aab0-aa3ebe42250f', 3, 'u', 'neil', '2023-05-02 07:45:51.87892', NULL, NULL);
INSERT INTO system.appuser (id, username, first_name, last_name, email, mobile_number, activation_code, passwd, active, description, rowidentifier, rowversion, change_action, change_user, change_time, activation_expiration, admin_boundary_id) VALUES ('1bebbc62-5045-4111-9fe7-71d9d1cd8c65', 'Rosabeetle', 'Rosa', 'Mortimer', 'rosamortimer1@gmail.com', '02108599115', NULL, '731dab68e122e3d4f79f11ea79c39cdc7b5adb9beb130955a6610d0f2fd9c558', false, NULL, 'ce3d8851-9fd1-4096-9a6c-adee635edff7', 2, 'u', 'ANONYMOUS', '2023-05-06 08:35:20.074316', NULL, NULL);
INSERT INTO system.appuser (id, username, first_name, last_name, email, mobile_number, activation_code, passwd, active, description, rowidentifier, rowversion, change_action, change_user, change_time, activation_expiration, admin_boundary_id) VALUES ('9661c9d5-704b-4f60-89d8-9cbf30dfdc7b', 'JL2408', 'Jenny', 'Lawton', 'jennyaccounts@fabkitchens.com.au', '+61296882777', NULL, '84f844804cbfb9993d867ccedf24501c7d8099199e9d5128b8e8ec13d31115a5', true, NULL, 'c898b223-1260-4474-956f-f33e06159d1a', 3, 'u', 'ajbuck', '2023-05-07 23:44:00.23519', NULL, NULL);
INSERT INTO system.appuser (id, username, first_name, last_name, email, mobile_number, activation_code, passwd, active, description, rowidentifier, rowversion, change_action, change_user, change_time, activation_expiration, admin_boundary_id) VALUES ('3fcc982d-b6c7-4220-9ac6-30667a6df2ce', 'in', 'Investor', 'Big', NULL, NULL, NULL, 'a665a45920422f9d417e4867efdc4fb8a04a1f3fff1fa07e998e86f7f7a27ae3', true, NULL, '300d954f-8d61-4415-8f19-2bd514b9ef5b', 2, 'u', 'neil', '2023-05-16 19:55:42.900506', NULL, NULL);
INSERT INTO system.appuser (id, username, first_name, last_name, email, mobile_number, activation_code, passwd, active, description, rowidentifier, rowversion, change_action, change_user, change_time, activation_expiration, admin_boundary_id) VALUES ('131e09d7-5b88-4fdb-93f2-9be58cf496cf', 'qwe', 'Simple', 'User', NULL, NULL, NULL, '489cd5dbc708c7e541de4d7cd91ce6d0f1613573b7fc5b40d3942ccb9555cf35', true, NULL, '8023ca3d-9311-49d1-8d57-7ecc1acdfb6f', 4, 'u', 'neil', '2023-05-16 19:56:31.171724', NULL, 'c75b6031-e6d3-4dcd-ae62-30a5353255a1');
INSERT INTO system.appuser (id, username, first_name, last_name, email, mobile_number, activation_code, passwd, active, description, rowidentifier, rowversion, change_action, change_user, change_time, activation_expiration, admin_boundary_id) VALUES ('0e3534fa-c1c8-4a7b-b94c-12469a19287a', 'fn', 'First', 'Nation', NULL, NULL, NULL, 'a665a45920422f9d417e4867efdc4fb8a04a1f3fff1fa07e998e86f7f7a27ae3', true, NULL, '82f68735-33ed-4c78-a382-a9a28b60df25', 6, 'u', 'neil', '2023-05-23 17:21:27.862923', NULL, 'ab5640e8-0c81-4711-99fe-bf533cb07089');
INSERT INTO system.appuser (id, username, first_name, last_name, email, mobile_number, activation_code, passwd, active, description, rowidentifier, rowversion, change_action, change_user, change_time, activation_expiration, admin_boundary_id) VALUES ('082b2c97-abdf-4613-a17a-98a304bafcfb', 'user2', 'Alex', 'Smith', 'smith@mail.com', '+888452222', NULL, 'a665a45920422f9d417e4867efdc4fb8a04a1f3fff1fa07e998e86f7f7a27ae3', false, NULL, 'c647dbd3-18f5-469a-8437-e7218347744f', 2, 'u', 'ANONYMOUS', '2023-05-17 22:36:49.560736', NULL, NULL);
INSERT INTO system.appuser (id, username, first_name, last_name, email, mobile_number, activation_code, passwd, active, description, rowidentifier, rowversion, change_action, change_user, change_time, activation_expiration, admin_boundary_id) VALUES ('9a677849-c5c0-462f-a083-3af07d51b5d2', 'user1', 'User', 'One', 'some@one.com', '+99655522212', 'e8f1ca4b-1334-448f-8b64-353d87c7a2d0', 'a665a45920422f9d417e4867efdc4fb8a04a1f3fff1fa07e998e86f7f7a27ae3', true, NULL, '238d9b70-c444-4a2d-8210-54012387dff6', 4, 'u', 'ANONYMOUS', '2023-05-18 00:44:56.143132', NULL, 'cea4e8aa-a52d-45ab-88fc-bcc8a6ab80d8');
INSERT INTO system.appuser (id, username, first_name, last_name, email, mobile_number, activation_code, passwd, active, description, rowidentifier, rowversion, change_action, change_user, change_time, activation_expiration, admin_boundary_id) VALUES ('d5c5f97d-533b-4447-ac1c-ebb99ca4851f', 'alex', 'Alex', 'Wymarra', NULL, NULL, NULL, 'dcb930cf832135bdfc8bee97f62573383fbc24473b3a979137dc5fe04123ed35', true, 'Treaty Council', 'f691970c-3186-4b63-8f8a-a5be8c1aff8f', 5, 'u', 'neil', '2023-05-23 18:55:46.072374', NULL, NULL);
INSERT INTO system.appuser (id, username, first_name, last_name, email, mobile_number, activation_code, passwd, active, description, rowidentifier, rowversion, change_action, change_user, change_time, activation_expiration, admin_boundary_id) VALUES ('ff7b8f47-9091-41cd-ba6c-1a9b2077bb4b', 'asdsa', 'asdasd', 'adasd', 'adsad@dot.com', '342432432', NULL, '5fd924625f6ab16a19cc9807c7c506ae1813490e4ba675f843d5a10e0baacdb8', false, NULL, 'c19760bd-548c-4cf1-b441-235bd0af85ab', 2, 'u', 'ANONYMOUS', '2023-05-23 22:01:25.890742', NULL, 'ab5640e8-0c81-4711-99fe-bf533cb07089');


ALTER TABLE system.appuser ENABLE TRIGGER ALL;

--
-- Data for Name: appuser_appgroup; Type: TABLE DATA; Schema: system; Owner: postgres
--

ALTER TABLE system.appuser_appgroup DISABLE TRIGGER ALL;

INSERT INTO system.appuser_appgroup (appuser_id, appgroup_id, rowidentifier, rowversion, change_action, change_user, change_time) VALUES ('f3ef10f5-2896-425f-a7fa-68b69aa74100', 'CommunityMembers', 'd4b9457f-a3a8-4828-ad36-8d02169b779e', 1, 'i', 'ANONYMOUS', '2020-04-22 21:53:47.601518');
INSERT INTO system.appuser_appgroup (appuser_id, appgroup_id, rowidentifier, rowversion, change_action, change_user, change_time) VALUES ('f3ef10f5-2896-425f-a7fa-68b69aa74100', 'claim-moderators', 'ba9d1700-eab3-431a-8ebc-689a8cb71bc7', 1, 'i', 'test', '2020-04-22 21:55:55.228142');
INSERT INTO system.appuser_appgroup (appuser_id, appgroup_id, rowidentifier, rowversion, change_action, change_user, change_time) VALUES ('f3ef10f5-2896-425f-a7fa-68b69aa74100', 'claim-reviewers', '03ff6cf5-62e7-47a8-8f6f-af18ef5ef362', 1, 'i', 'test', '2020-04-22 21:55:55.228142');
INSERT INTO system.appuser_appgroup (appuser_id, appgroup_id, rowidentifier, rowversion, change_action, change_user, change_time) VALUES ('f3ef10f5-2896-425f-a7fa-68b69aa74100', 'CommunityRecorders', 'b93eb8c1-b0ee-4249-8963-c63dc61027d2', 1, 'i', 'test', '2020-04-22 21:55:55.228142');
INSERT INTO system.appuser_appgroup (appuser_id, appgroup_id, rowidentifier, rowversion, change_action, change_user, change_time) VALUES ('f3ef10f5-2896-425f-a7fa-68b69aa74100', 'super-group-id', 'fdb2f428-8f2b-4a54-9a69-8ddda231dead', 1, 'i', 'test', '2020-04-22 21:55:55.228142');
INSERT INTO system.appuser_appgroup (appuser_id, appgroup_id, rowidentifier, rowversion, change_action, change_user, change_time) VALUES ('bbd55c23-279b-4813-bc59-5d0cb5045ba2', 'claim-moderators', '416fe923-4b4d-4cbe-8a55-be4bf4283722', 1, 'i', 'test', '2020-08-20 17:12:12.052434');
INSERT INTO system.appuser_appgroup (appuser_id, appgroup_id, rowidentifier, rowversion, change_action, change_user, change_time) VALUES ('bbd55c23-279b-4813-bc59-5d0cb5045ba2', 'claim-reviewers', 'c1ae669c-bb15-4ab0-b07c-7aeff5237f28', 1, 'i', 'test', '2020-08-20 17:12:12.052434');
INSERT INTO system.appuser_appgroup (appuser_id, appgroup_id, rowidentifier, rowversion, change_action, change_user, change_time) VALUES ('bbd55c23-279b-4813-bc59-5d0cb5045ba2', 'CommunityMembers', 'eac456b7-1531-4309-bf44-0db227ee60a4', 1, 'i', 'test', '2020-08-20 17:12:12.052434');
INSERT INTO system.appuser_appgroup (appuser_id, appgroup_id, rowidentifier, rowversion, change_action, change_user, change_time) VALUES ('bbd55c23-279b-4813-bc59-5d0cb5045ba2', 'CommunityRecorders', '02dcd5a5-d9d3-44c1-be9d-c037156079d2', 1, 'i', 'test', '2020-08-20 17:12:12.052434');
INSERT INTO system.appuser_appgroup (appuser_id, appgroup_id, rowidentifier, rowversion, change_action, change_user, change_time) VALUES ('d5c5f97d-533b-4447-ac1c-ebb99ca4851f', 'claim-moderators', '834e3349-d7b1-416c-9bac-4ee27f60c27b', 1, 'i', 'test', '2020-08-20 17:17:01.81253');
INSERT INTO system.appuser_appgroup (appuser_id, appgroup_id, rowidentifier, rowversion, change_action, change_user, change_time) VALUES ('d5c5f97d-533b-4447-ac1c-ebb99ca4851f', 'claim-reviewers', 'b46e3cda-70b2-4f96-8ddd-705cbd3b2503', 1, 'i', 'test', '2020-08-20 17:17:01.81253');
INSERT INTO system.appuser_appgroup (appuser_id, appgroup_id, rowidentifier, rowversion, change_action, change_user, change_time) VALUES ('d5c5f97d-533b-4447-ac1c-ebb99ca4851f', 'CommunityMembers', '2bda2f2c-c5ba-4b10-af46-82c903794b6f', 1, 'i', 'test', '2020-08-20 17:17:01.81253');
INSERT INTO system.appuser_appgroup (appuser_id, appgroup_id, rowidentifier, rowversion, change_action, change_user, change_time) VALUES ('d5c5f97d-533b-4447-ac1c-ebb99ca4851f', 'CommunityRecorders', '122dc365-68b9-42d4-ba53-2b27295f0353', 1, 'i', 'test', '2020-08-20 17:17:01.81253');
INSERT INTO system.appuser_appgroup (appuser_id, appgroup_id, rowidentifier, rowversion, change_action, change_user, change_time) VALUES ('2374b34d-b1ee-46a1-9e98-525b027076e6', 'CommunityMembers', '1c5ba534-dab0-4268-9aed-e2a96b3b1bb7', 1, 'i', 'neil', '2020-10-10 11:01:27.613991');
INSERT INTO system.appuser_appgroup (appuser_id, appgroup_id, rowidentifier, rowversion, change_action, change_user, change_time) VALUES ('c1230566-7d94-4f57-a8ce-96119cdb77f3', 'CommunityMembers', 'd3f685c8-45e6-4335-9e95-896f799ba1be', 1, 'i', 'ANONYMOUS', '2020-11-11 17:55:28.171229');
INSERT INTO system.appuser_appgroup (appuser_id, appgroup_id, rowidentifier, rowversion, change_action, change_user, change_time) VALUES ('0b452c7c-2458-4b5b-ae6d-1baea9bf4557', 'CommunityMembers', '90ce7200-42b7-409c-8f07-3f04037035fb', 1, 'i', 'ANONYMOUS', '2020-11-18 11:11:15.124917');
INSERT INTO system.appuser_appgroup (appuser_id, appgroup_id, rowidentifier, rowversion, change_action, change_user, change_time) VALUES ('954ebdec-5812-41b5-a19b-df9f1aa33d5f', 'CommunityMembers', 'f5edf169-d814-4f4b-9758-5f2dd2e5005f', 1, 'i', 'ANONYMOUS', '2020-11-19 17:17:27.800428');
INSERT INTO system.appuser_appgroup (appuser_id, appgroup_id, rowidentifier, rowversion, change_action, change_user, change_time) VALUES ('5103e7cc-21bd-4c43-bdd1-7247d2db28da', 'CommunityMembers', '72cf6cc1-13f2-417f-98f9-dd64318ed5d1', 1, 'i', 'ANONYMOUS', '2020-11-19 21:38:49.058848');
INSERT INTO system.appuser_appgroup (appuser_id, appgroup_id, rowidentifier, rowversion, change_action, change_user, change_time) VALUES ('b015c63f-690e-49d3-b324-dc8ef2b6c089', 'CommunityMembers', '7f06e9b0-52e2-40fa-b4cf-a7a8dc2b5e0c', 1, 'i', 'ANONYMOUS', '2020-11-21 10:48:35.191495');
INSERT INTO system.appuser_appgroup (appuser_id, appgroup_id, rowidentifier, rowversion, change_action, change_user, change_time) VALUES ('bbd55c23-279b-4813-bc59-5d0cb5045ba2', 'super-group-id', 'e9a0fcdc-a2c9-4fec-889b-9fe24834a25a', 1, 'i', 'neil', '2020-12-09 19:30:13.937458');
INSERT INTO system.appuser_appgroup (appuser_id, appgroup_id, rowidentifier, rowversion, change_action, change_user, change_time) VALUES ('29c584d9-023a-4937-8cee-1517f45ba02c', 'CommunityMembers', 'e2be706f-40a6-4579-96e9-d08de8ecbca6', 1, 'i', 'ANONYMOUS', '2021-02-12 07:45:38.48667');
INSERT INTO system.appuser_appgroup (appuser_id, appgroup_id, rowidentifier, rowversion, change_action, change_user, change_time) VALUES ('f3d81455-5b7e-4237-b3c2-87a0822676bc', 'CommunityMembers', '1edef206-da39-4f4f-9799-97ffdb734c66', 1, 'i', 'ANONYMOUS', '2021-03-02 20:26:19.902929');
INSERT INTO system.appuser_appgroup (appuser_id, appgroup_id, rowidentifier, rowversion, change_action, change_user, change_time) VALUES ('1b6d46c7-e771-4997-98a6-152311ae7763', 'CommunityMembers', '952d6ecf-ba78-4008-9c0f-151a5feeec24', 1, 'i', 'ANONYMOUS', '2021-03-14 11:04:48.616806');
INSERT INTO system.appuser_appgroup (appuser_id, appgroup_id, rowidentifier, rowversion, change_action, change_user, change_time) VALUES ('91d6f3df-ae04-4b01-920f-435c4e1e4a7d', 'CommunityMembers', '27def847-9c32-44e9-8a64-5b7f0addda77', 1, 'i', 'ANONYMOUS', '2021-04-12 16:30:48.844422');
INSERT INTO system.appuser_appgroup (appuser_id, appgroup_id, rowidentifier, rowversion, change_action, change_user, change_time) VALUES ('1cc7c618-1ea1-40b2-b7c4-be427eb308d3', 'CommunityMembers', '10705893-0a5c-4da9-94c0-23f82df53224', 1, 'i', 'ANONYMOUS', '2021-04-28 13:27:43.731618');
INSERT INTO system.appuser_appgroup (appuser_id, appgroup_id, rowidentifier, rowversion, change_action, change_user, change_time) VALUES ('fa3d05dc-685e-4734-ab93-cc2a7d52f694', 'CommunityMembers', '35354e32-0e7d-4ce6-aa83-a108deef02cc', 1, 'i', 'ANONYMOUS', '2021-05-05 17:55:51.350276');
INSERT INTO system.appuser_appgroup (appuser_id, appgroup_id, rowidentifier, rowversion, change_action, change_user, change_time) VALUES ('a7bd4d31-7511-4123-9dd8-d6167ec9238b', 'CommunityMembers', 'cd76a5ff-2178-4ab6-a648-6ff02f61bd1b', 1, 'i', 'neil', '2021-06-22 13:18:36.386208');
INSERT INTO system.appuser_appgroup (appuser_id, appgroup_id, rowidentifier, rowversion, change_action, change_user, change_time) VALUES ('f824fc7e-047b-4638-8f35-b359b322a506', 'CommunityMembers', 'dfcee1c5-c305-4a1a-b758-b81737ab6574', 1, 'i', 'ANONYMOUS', '2021-07-21 16:44:17.59279');
INSERT INTO system.appuser_appgroup (appuser_id, appgroup_id, rowidentifier, rowversion, change_action, change_user, change_time) VALUES ('6464987c-d31b-4e48-bbae-2e036472bb3f', 'CommunityMembers', '9310d524-8160-4681-919a-18aef8ea2b43', 1, 'i', 'ANONYMOUS', '2021-08-08 09:26:52.270885');
INSERT INTO system.appuser_appgroup (appuser_id, appgroup_id, rowidentifier, rowversion, change_action, change_user, change_time) VALUES ('28674764-ba8e-4292-a6dd-71c68ed79d56', 'CommunityMembers', 'c764a4eb-eaa3-4671-98c0-35f79fe1a423', 1, 'i', 'ANONYMOUS', '2021-09-23 17:37:39.041341');
INSERT INTO system.appuser_appgroup (appuser_id, appgroup_id, rowidentifier, rowversion, change_action, change_user, change_time) VALUES ('4465fc52-4bed-44be-bdb1-5fba721e6496', 'CommunityMembers', '527eec56-a296-4328-a6ec-1bef1317ac98', 1, 'i', 'ajbuck', '2021-11-14 09:36:34.064347');
INSERT INTO system.appuser_appgroup (appuser_id, appgroup_id, rowidentifier, rowversion, change_action, change_user, change_time) VALUES ('fcad4d3d-af42-45ab-b717-13f01aa7cdf8', 'CommunityMembers', '26104388-a037-4eec-bf67-31534f31a912', 1, 'i', 'ANONYMOUS', '2021-11-24 09:36:25.270113');
INSERT INTO system.appuser_appgroup (appuser_id, appgroup_id, rowidentifier, rowversion, change_action, change_user, change_time) VALUES ('4a82ad37-27bd-42fc-ad91-e31ec57ba8df', 'CommunityMembers', '79029e6f-c48e-4073-887a-24761f90561e', 1, 'i', 'ANONYMOUS', '2021-12-05 18:47:48.118161');
INSERT INTO system.appuser_appgroup (appuser_id, appgroup_id, rowidentifier, rowversion, change_action, change_user, change_time) VALUES ('8f064900-71e9-4626-9eab-f64ec5c1c563', 'CommunityMembers', '4011f70c-9795-4ac9-9b0f-63bb4e3f74c0', 1, 'i', 'neil', '2021-12-07 08:40:22.086438');
INSERT INTO system.appuser_appgroup (appuser_id, appgroup_id, rowidentifier, rowversion, change_action, change_user, change_time) VALUES ('cd6eef05-e115-4905-b705-7b9dbab40c24', 'CommunityMembers', 'ef0319e3-e129-4f4a-a8ba-41f75a6444c4', 1, 'i', 'ANONYMOUS', '2022-01-08 05:27:59.64714');
INSERT INTO system.appuser_appgroup (appuser_id, appgroup_id, rowidentifier, rowversion, change_action, change_user, change_time) VALUES ('dacee232-84f7-49c4-be73-9b204a933e15', 'CommunityMembers', '1f0f2c36-a587-45f1-af03-37ac9db3ea2d', 1, 'i', 'ANONYMOUS', '2022-01-27 21:05:23.990686');
INSERT INTO system.appuser_appgroup (appuser_id, appgroup_id, rowidentifier, rowversion, change_action, change_user, change_time) VALUES ('a39e5415-f27e-4a18-8084-0dc834c8c242', 'CommunityMembers', '60ced071-00a1-4dd2-9260-ad904daaac98', 1, 'i', 'ANONYMOUS', '2022-02-09 08:43:45.980843');
INSERT INTO system.appuser_appgroup (appuser_id, appgroup_id, rowidentifier, rowversion, change_action, change_user, change_time) VALUES ('e1f76128-da68-4742-93ab-349b6098f14b', 'CommunityMembers', '302282be-7f37-4297-9c7d-93eae1bd8aaa', 1, 'i', 'ANONYMOUS', '2022-02-28 09:12:46.963394');
INSERT INTO system.appuser_appgroup (appuser_id, appgroup_id, rowidentifier, rowversion, change_action, change_user, change_time) VALUES ('55be6df5-da4d-413b-85a3-62282adf2363', 'CommunityMembers', 'b3e62bd4-8160-4c88-964c-69cecb15bcd2', 1, 'i', 'ANONYMOUS', '2022-04-15 22:31:41.203119');
INSERT INTO system.appuser_appgroup (appuser_id, appgroup_id, rowidentifier, rowversion, change_action, change_user, change_time) VALUES ('b0fe0ad1-9be1-4c17-b014-83ccb800eda4', 'CommunityMembers', 'ab42550d-6f90-436c-9b65-4637b1badf5f', 1, 'i', 'ANONYMOUS', '2022-07-08 17:01:39.868672');
INSERT INTO system.appuser_appgroup (appuser_id, appgroup_id, rowidentifier, rowversion, change_action, change_user, change_time) VALUES ('af3cef81-ca62-4ca6-82e0-df3c498d1b61', 'CommunityMembers', 'a8af7dfb-61ec-4dde-9dfd-836985b9dc87', 1, 'i', 'ajbuck', '2022-07-26 08:28:11.973902');
INSERT INTO system.appuser_appgroup (appuser_id, appgroup_id, rowidentifier, rowversion, change_action, change_user, change_time) VALUES ('fbcdc57e-742c-40fd-9bba-23462569d381', 'CommunityMembers', 'a01478fb-75f4-47da-8865-b7d03a513e93', 1, 'i', 'ANONYMOUS', '2022-07-26 08:33:49.776508');
INSERT INTO system.appuser_appgroup (appuser_id, appgroup_id, rowidentifier, rowversion, change_action, change_user, change_time) VALUES ('43a13df9-beb1-401c-9107-1903c7083a72', 'CommunityMembers', 'c1958af4-3304-4dbd-b3aa-da15c3572d3b', 1, 'i', 'ANONYMOUS', '2022-09-07 13:13:08.273671');
INSERT INTO system.appuser_appgroup (appuser_id, appgroup_id, rowidentifier, rowversion, change_action, change_user, change_time) VALUES ('b50eb668-412a-4cd9-aa67-8912916ff113', 'CommunityMembers', 'fe2112a2-4088-401b-aebd-3b5f35587fac', 1, 'i', 'ANONYMOUS', '2022-10-15 16:33:43.007009');
INSERT INTO system.appuser_appgroup (appuser_id, appgroup_id, rowidentifier, rowversion, change_action, change_user, change_time) VALUES ('b4975beb-5e9b-43fb-8f62-a4bf05d97131', 'CommunityMembers', '4919d2bf-60f4-4993-a00c-401e76bbb9f5', 1, 'i', 'ANONYMOUS', '2022-10-25 10:44:03.344546');
INSERT INTO system.appuser_appgroup (appuser_id, appgroup_id, rowidentifier, rowversion, change_action, change_user, change_time) VALUES ('a17c5724-ebeb-4dd9-a1e3-8a764571e154', 'CommunityMembers', '9e07703a-9942-4658-ab5f-bd10181a2b38', 1, 'i', 'ANONYMOUS', '2022-12-06 10:42:21.480002');
INSERT INTO system.appuser_appgroup (appuser_id, appgroup_id, rowidentifier, rowversion, change_action, change_user, change_time) VALUES ('61b96b90-d390-45ae-96d4-617093d13971', 'CommunityMembers', '48f1eafe-7361-4595-98bd-bfc924a32c0d', 1, 'i', 'ANONYMOUS', '2023-02-12 11:05:57.746231');
INSERT INTO system.appuser_appgroup (appuser_id, appgroup_id, rowidentifier, rowversion, change_action, change_user, change_time) VALUES ('9661c9d5-704b-4f60-89d8-9cbf30dfdc7b', 'CommunityMembers', 'd38a87ec-e073-4ac4-896d-122c9e9b0fd8', 1, 'i', 'ANONYMOUS', '2023-03-10 10:21:09.274124');
INSERT INTO system.appuser_appgroup (appuser_id, appgroup_id, rowidentifier, rowversion, change_action, change_user, change_time) VALUES ('73b11ac0-f760-4fb4-9698-809e2f848919', 'CommunityMembers', '5adacbfc-a29f-41ca-8ed4-cdc7e5b0a54d', 1, 'i', 'ANONYMOUS', '2023-04-23 17:22:20.628947');
INSERT INTO system.appuser_appgroup (appuser_id, appgroup_id, rowidentifier, rowversion, change_action, change_user, change_time) VALUES ('b9b37ca9-9b98-42c1-a70c-7c66b183070c', 'CommunityMembers', '06fd5eae-2b50-41b2-9529-e370d7e360ba', 1, 'i', 'ANONYMOUS', '2023-04-26 08:49:03.503082');
INSERT INTO system.appuser_appgroup (appuser_id, appgroup_id, rowidentifier, rowversion, change_action, change_user, change_time) VALUES ('1e0f89a1-46c5-4284-a16d-c4e0a91dac5b', 'CommunityMembers', '774a09ba-a870-4aad-8f50-1f3348f0d588', 1, 'i', 'ANONYMOUS', '2023-04-29 10:16:07.861773');
INSERT INTO system.appuser_appgroup (appuser_id, appgroup_id, rowidentifier, rowversion, change_action, change_user, change_time) VALUES ('f31f814f-942a-4263-a86b-d4b686fdd72a', 'CommunityMembers', 'e9fd59d2-b73b-403b-b839-8aad56058420', 1, 'i', 'ANONYMOUS', '2023-05-02 06:08:14.209633');
INSERT INTO system.appuser_appgroup (appuser_id, appgroup_id, rowidentifier, rowversion, change_action, change_user, change_time) VALUES ('7b5f8ab4-cb93-43fd-9a57-c749d88db909', 'CommunityMembers', '7079db62-4d1e-4e22-9944-097efd917bbd', 1, 'i', 'ANONYMOUS', '2023-05-02 06:35:13.438943');
INSERT INTO system.appuser_appgroup (appuser_id, appgroup_id, rowidentifier, rowversion, change_action, change_user, change_time) VALUES ('a7bd4d31-7511-4123-9dd8-d6167ec9238b', 'super-group-id', 'f9861973-f576-477c-80d7-4e40b1101c1e', 1, 'i', 'neil', '2023-05-02 06:58:23.55843');
INSERT INTO system.appuser_appgroup (appuser_id, appgroup_id, rowidentifier, rowversion, change_action, change_user, change_time) VALUES ('6ab7fc88-d36a-47f0-83c1-9c17c1450e09', 'CommunityMembers', 'ca3e4390-decd-45cb-9cca-b0f64863f7a6', 1, 'i', 'ANONYMOUS', '2023-05-05 02:22:04.699048');
INSERT INTO system.appuser_appgroup (appuser_id, appgroup_id, rowidentifier, rowversion, change_action, change_user, change_time) VALUES ('1bebbc62-5045-4111-9fe7-71d9d1cd8c65', 'CommunityMembers', '46e73a8c-b9f9-44d1-9301-5a1d523603b1', 1, 'i', 'ANONYMOUS', '2023-05-06 08:35:20.074316');
INSERT INTO system.appuser_appgroup (appuser_id, appgroup_id, rowidentifier, rowversion, change_action, change_user, change_time) VALUES ('3fcc982d-b6c7-4220-9ac6-30667a6df2ce', 'Investors', 'd18f6c5d-38f8-4357-811b-de5a3cc15d45', 1, 'i', 'neil', '2023-05-16 19:55:42.866844');
INSERT INTO system.appuser_appgroup (appuser_id, appgroup_id, rowidentifier, rowversion, change_action, change_user, change_time) VALUES ('131e09d7-5b88-4fdb-93f2-9be58cf496cf', 'CommunityMembers', '3ddd197a-b784-45e1-9f31-eff9f62218ae', 1, 'i', 'neil', '2023-05-16 19:56:31.171724');
INSERT INTO system.appuser_appgroup (appuser_id, appgroup_id, rowidentifier, rowversion, change_action, change_user, change_time) VALUES ('9a677849-c5c0-462f-a083-3af07d51b5d2', 'CommunityMembers', 'ffbcdef6-8622-4cd3-97c0-bd30b5379529', 1, 'i', 'ANONYMOUS', '2023-05-17 22:16:41.629118');
INSERT INTO system.appuser_appgroup (appuser_id, appgroup_id, rowidentifier, rowversion, change_action, change_user, change_time) VALUES ('082b2c97-abdf-4613-a17a-98a304bafcfb', 'CommunityMembers', 'e3d3fd5b-b234-49a3-ae25-70eb3c039955', 1, 'i', 'ANONYMOUS', '2023-05-17 22:36:49.560736');
INSERT INTO system.appuser_appgroup (appuser_id, appgroup_id, rowidentifier, rowversion, change_action, change_user, change_time) VALUES ('0e3534fa-c1c8-4a7b-b94c-12469a19287a', 'CommunityMembers', '4791edf8-a607-488a-ab4f-ce29f8dc8a76', 1, 'i', 'neil', '2023-05-23 17:20:31.640919');
INSERT INTO system.appuser_appgroup (appuser_id, appgroup_id, rowidentifier, rowversion, change_action, change_user, change_time) VALUES ('ff7b8f47-9091-41cd-ba6c-1a9b2077bb4b', 'CommunityMembers', '8b1e2b66-938b-4a39-a861-f7e49c95dd08', 1, 'i', 'ANONYMOUS', '2023-05-23 22:01:25.890742');


ALTER TABLE system.appuser_appgroup ENABLE TRIGGER ALL;

--
-- Data for Name: appuser_setting; Type: TABLE DATA; Schema: system; Owner: postgres
--

ALTER TABLE system.appuser_setting DISABLE TRIGGER ALL;



ALTER TABLE system.appuser_setting ENABLE TRIGGER ALL;

--
-- PostgreSQL database dump complete
--

